ds,y
2016-01-01,-0.17601808494391172
2016-01-02,-0.0036501191049571613
2016-01-03,-0.2193831496227284
2016-01-04,0.30522884059352157
2016-01-05,-0.05650984639198903
2016-01-06,0.3124669714228602
2016-01-07,0.07615808690130034
2016-01-08,0.34400167641761753
2016-01-09,0.21583062195914368
2016-01-10,0.2350733008622836
2016-01-11,0.11234258536399641
2016-01-12,0.3538599372431773
2016-01-13,0.1489070074456726
2016-01-14,0.48997444582556277
2016-01-15,0.4129838281637807
2016-01-16,0.41406102249602755
2016-01-17,0.38550935287880245
2016-01-18,0.6724681925144937
2016-01-19,0.6661587848260042
2016-01-20,0.6755659865614219
2016-01-21,0.6509810203783158
2016-01-22,0.8025635911132037
2016-01-23,0.6136862810690489
2016-01-24,0.8609984240369097
2016-01-25,0.8580110366172196
2016-01-26,0.9084133553422432
2016-01-27,0.8656346066544021
2016-01-28,0.5376593096258669
2016-01-29,0.6360704603508962
2016-01-30,1.0051179580601965
2016-01-31,0.9159211351937707
2016-02-01,0.8829140525864473
2016-02-02,0.895976695775966
2016-02-03,1.0042009593672918
2016-02-04,0.9632557348960304
2016-02-05,0.8581113819909517
2016-02-06,1.1398396260318728
2016-02-07,1.0224838448938365
2016-02-08,0.9881999045258159
2016-02-09,1.1184290382697495
2016-02-10,1.2203545076334252
2016-02-11,1.0584774147987082
2016-02-12,0.9684029288398758
2016-02-13,1.1065068188564078
2016-02-14,1.0525706129860775
2016-02-15,1.045581640037556
2016-02-16,0.9814318134982923
2016-02-17,0.8680265418256291
2016-02-18,1.1600332654628742
2016-02-19,1.1261224186516257
2016-02-20,0.9543615541815189
2016-02-21,0.8672408402195453
2016-02-22,1.0220130694367724
2016-02-23,1.216584593278935
2016-02-24,1.3972644518973385
2016-02-25,1.0420895575271651
2016-02-26,0.9832001325932779
2016-02-27,0.8304960890309027
2016-02-28,1.1683115442954959
2016-02-29,0.8587022011161218
2016-03-01,1.0042308196903718
2016-03-02,0.8875724343984407
2016-03-03,0.8029548623230207
2016-03-04,0.8383141410433624
2016-03-05,0.7980681286119268
2016-03-06,0.8820097813321354
2016-03-07,0.7360115560666519
2016-03-08,0.8588769335836196
2016-03-09,0.5587182147882088
2016-03-10,0.8262384110707709
2016-03-11,0.6542894946359014
2016-03-12,0.5674607510663001
2016-03-13,0.7272861088261071
2016-03-14,0.6174484267865165
2016-03-15,0.5928287096299043
2016-03-16,0.689732376574459
2016-03-17,0.5851266729186162
2016-03-18,0.6413495480838383
2016-03-19,0.839526683775339
2016-03-20,0.3600606340669402
2016-03-21,0.38644274938201406
2016-03-22,0.24083710731295274
2016-03-23,0.44776469681655734
2016-03-24,0.3047165730702523
2016-03-25,0.3101353600201884
2016-03-26,0.4276752033519436
2016-03-27,0.3213826556762168
2016-03-28,0.3281126370767579
2016-03-29,0.28334875298730405
2016-03-30,0.3453845262251337
2016-03-31,0.18337319369513522
2016-04-01,0.2930121321620781
2016-04-02,-0.014238419460323393
2016-04-03,-0.31520838148629676
2016-04-04,0.2160152511808111
2016-04-05,-0.07580793141287956
2016-04-06,0.14469031336488436
2016-04-07,0.09762057586767373
2016-04-08,-0.07796331947820823
2016-04-09,-0.08770015382404549
2016-04-10,-0.11648475152222783
2016-04-11,-0.40555556108898805
2016-04-12,-0.29158210360883147
2016-04-13,-0.4281203573526663
2016-04-14,-0.2240938909067567
2016-04-15,-0.22840112470728374
2016-04-16,-0.5071044182441753
2016-04-17,-0.5713785546748359
2016-04-18,-0.5052727960380233
2016-04-19,-0.4285820596071445
2016-04-20,-0.47465608644362683
2016-04-21,-0.6201585684434487
2016-04-22,-0.48300741781513123
2016-04-23,-0.5258210011803379
2016-04-24,-0.6194876269430994
2016-04-25,-0.7330185427283938
2016-04-26,-0.6827374157826953
2016-04-27,-0.6865558135123199
2016-04-28,-0.5208075727358539
2016-04-29,-0.7243437900031031
2016-04-30,-0.6337223811135749
2016-05-01,-0.7980624201025317
2016-05-02,-0.8431542977270998
2016-05-03,-0.8187729635783975
2016-05-04,-0.7513994250545538
2016-05-05,-0.6262639116957964
2016-05-06,-0.5992628254077103
2016-05-07,-0.8996525112322454
2016-05-08,-0.9280649510921611
2016-05-09,-0.6881903863307268
2016-05-10,-0.853911355122801
2016-05-11,-1.2985851927184173
2016-05-12,-1.0779907955003227
2016-05-13,-0.8441554804661853
2016-05-14,-0.7486604979244779
2016-05-15,-1.0285206580067647
2016-05-16,-0.8848691910712906
2016-05-17,-1.0437453398210608
2016-05-18,-0.948632858900943
2016-05-19,-0.9855553205965117
2016-05-20,-1.3191686550995247
2016-05-21,-0.9988721890885869
2016-05-22,-0.9060726999226169
2016-05-23,-0.9514156628108406
2016-05-24,-0.9265100474833835
2016-05-25,-0.9794294532931638
2016-05-26,-0.9748906590776212
2016-05-27,-1.0770307983058818
2016-05-28,-0.8337391871029416
2016-05-29,-0.7711269458786287
2016-05-30,-0.8403672426638975
2016-05-31,-0.957195236948358
2016-06-01,-1.0693839621064296
2016-06-02,-0.994428282855103
2016-06-03,-1.0594858330613248
2016-06-04,-0.8415061992529944
2016-06-05,-0.8489339840152882
2016-06-06,-0.7784213309038963
2016-06-07,-0.6891776136325766
2016-06-08,-0.6631357944012085
2016-06-09,-0.6715175862335976
2016-06-10,-0.7472138986683428
2016-06-11,-1.011115283573002
2016-06-12,-0.5068679764803652
2016-06-13,-0.5531202333115232
2016-06-14,-0.22865467804562678
2016-06-15,-0.22080101001905988
2016-06-16,-0.7358372297643898
2016-06-17,-0.4415646483933815
2016-06-18,-0.6167579440172063
2016-06-19,-0.6432837445560544
2016-06-20,-0.2699776578548553
2016-06-21,-0.4756495545069518
2016-06-22,-0.5198738892871007
2016-06-23,-0.6489218274059712
2016-06-24,-0.39565474924180954
2016-06-25,-0.2851867686224746
2016-06-26,-0.4561390387647015
2016-06-27,0.03416084618076948
2016-06-28,-0.1334962241629597
2016-06-29,-0.44649527242588316
2016-06-30,-0.5869001370712033
2016-07-01,-0.21926160912950932
2016-07-02,-0.06614660804859647
2016-07-03,-0.4570229975272849
2016-07-04,-0.0022430910980579116
2016-07-05,0.12643590361554302
2016-07-06,-0.05101863059385443
2016-07-07,0.32265400905915587
2016-07-08,-0.14130865281149227
2016-07-09,0.1130198313655614
2016-07-10,0.21493683267164668
2016-07-11,0.34097048927044493
2016-07-12,0.30031095979738054
2016-07-13,-0.06140042770175608
2016-07-14,-0.05249676402343659
2016-07-15,0.29164406249639974
2016-07-16,0.4462780306476999
2016-07-17,0.14694319472934803
2016-07-18,0.30434083575471044
2016-07-19,0.3982552050378927
2016-07-20,0.2925569839581863
2016-07-21,0.4742327406671857
2016-07-22,0.6002059265887079
2016-07-23,0.4187022483984405
2016-07-24,0.5252394505044828
2016-07-25,0.6868885913269421
2016-07-26,0.5506441208429268
2016-07-27,0.5294536718647933
2016-07-28,0.6664054835100058
2016-07-29,0.7736125579115
2016-07-30,0.9715872444211148
2016-07-31,0.5402101510092044
2016-08-01,0.5580189495065708
2016-08-02,0.5581177911080977
2016-08-03,0.7236186510887024
2016-08-04,0.8405415859630323
2016-08-05,0.7127405197832551
2016-08-06,0.610051766252916
2016-08-07,0.8773061325647475
2016-08-08,0.9888648147864401
2016-08-09,0.6917136241080041
2016-08-10,1.1020917699057582
2016-08-11,0.807815236757037
2016-08-12,0.6339894546171816
2016-08-13,1.0486681385226735
2016-08-14,0.7592377410154809
2016-08-15,1.0213961477988729
2016-08-16,0.9240158372341182
2016-08-17,1.022988719377716
2016-08-18,0.7831819095032093
2016-08-19,0.7457895386330592
2016-08-20,0.9505339458782063
2016-08-21,1.0847304062796328
2016-08-22,1.064061007583313
2016-08-23,0.9178816521196319
2016-08-24,1.051563361586916
2016-08-25,0.9678465904440134
2016-08-26,0.878646600909981
2016-08-27,1.1723808658117496
2016-08-28,0.8734396320832958
2016-08-29,1.0339212790397023
2016-08-30,0.9391533874662125
2016-08-31,0.9307798236930483
2016-09-01,0.8427424080847994
2016-09-02,1.0324652000272627
2016-09-03,0.9606017127029474
2016-09-04,1.0312617559527975
2016-09-05,0.8153368232955107
2016-09-06,0.818347863987022
2016-09-07,0.8625040067829671
2016-09-08,0.9025548877820647
2016-09-09,1.0544045077415003
2016-09-10,0.9410563963080164
2016-09-11,1.061827259908881
2016-09-12,0.7316632523275484
2016-09-13,0.8221280460297877
2016-09-14,0.6143117037849788
2016-09-15,0.7965729510286391
2016-09-16,1.0719772036171964
2016-09-17,0.6160974563723239
2016-09-18,0.8435689192785234
2016-09-19,0.5252414781326685
2016-09-20,0.5783887139472518
2016-09-21,0.6788102240141818
2016-09-22,0.5542425502505451
2016-09-23,0.7206864624048819
2016-09-24,0.5279692769692023
2016-09-25,0.47352939215428935
2016-09-26,0.17157275106020903
2016-09-27,0.3872443632909237
2016-09-28,0.3146083097757344
2016-09-29,0.17982050638941793
2016-09-30,0.2330435482204567
2016-10-01,0.30495143148042425
2016-10-02,0.6101949617722465
2016-10-03,0.4654592988042279
2016-10-04,0.12184224222359576
2016-10-05,0.09534207170019203
2016-10-06,0.16427814970562563
2016-10-07,0.20631584980538387
2016-10-08,0.20807786005827883
2016-10-09,-0.18833361383888633
2016-10-10,0.023739740902518444
2016-10-11,-0.1973861465193152
2016-10-12,-0.28297786700510297
2016-10-13,-0.06944135950280877
2016-10-14,-0.056794527933354544
2016-10-15,0.09635790744262943
2016-10-16,-0.07286232507224541
2016-10-17,-0.08951640898560773
2016-10-18,-0.22020881763003014
2016-10-19,-0.28500768705642127
2016-10-20,-0.3370850858999053
2016-10-21,-0.3342008726350789
2016-10-22,-0.08238930766911434
2016-10-23,-0.7210117216681147
2016-10-24,-0.3650416723088242
2016-10-25,-0.25812583117190036
2016-10-26,-0.6117581092979897
2016-10-27,-0.5375942558540306
2016-10-28,-0.5542082976980445
2016-10-29,-0.5038718384222292
2016-10-30,-0.4888241493263141
2016-10-31,-0.5770472170946094
2016-11-01,-0.6339223754196425
2016-11-02,-0.6469620169851689
2016-11-03,-0.6511787424315579
2016-11-04,-0.6309093853983692
2016-11-05,-0.8386050090059313
2016-11-06,-0.9305673840479173
2016-11-07,-0.9536359609993339
2016-11-08,-1.0068249959848228
2016-11-09,-0.7960526311138192
2016-11-10,-0.6140974702163045
2016-11-11,-0.8933930508136574
2016-11-12,-0.9729067242233604
2016-11-13,-0.8619282626144026
2016-11-14,-0.8351497606351624
2016-11-15,-0.9865576941814562
2016-11-16,-0.9721851459343687
2016-11-17,-1.0069006415543482
2016-11-18,-0.8429220146447968
2016-11-19,-0.8186081408937168
2016-11-20,-0.9200701036807062
2016-11-21,-1.1461107345260986
2016-11-22,-1.2178812867761881
2016-11-23,-1.0896463418085216
2016-11-24,-0.8755798462628522
2016-11-25,-0.8895222108079469
2016-11-26,-0.876985648300676
2016-11-27,-1.124188533191396
2016-11-28,-0.835862518128431
2016-11-29,-0.9420849822308531
2016-11-30,-1.1823710303279125
2016-12-01,-1.042299139668872
2016-12-02,-1.086590930186875
2016-12-03,-0.891107875135203
2016-12-04,-0.9846796118985716
2016-12-05,-0.7914735003640968
2016-12-06,-0.7664464088017466
2016-12-07,-0.9525805116679475
2016-12-08,-1.0344034645461508
2016-12-09,-0.7928507435685535
2016-12-10,-1.0298433673252787
2016-12-11,-0.6930371004815867
2016-12-12,-0.9795859994729138
2016-12-13,-1.0884729176591459
2016-12-14,-0.9018131711896251
2016-12-15,-0.9815671290658898
2016-12-16,-0.7033453099171483
2016-12-17,-0.7177075629356959
2016-12-18,-0.8625394412727848
2016-12-19,-0.5567951926725424
2016-12-20,-0.6905064675958685
2016-12-21,-0.4983668651187592
2016-12-22,-0.4198720744513821
2016-12-23,-0.6441181673160563
2016-12-24,-0.8120981414744395
2016-12-25,-0.5021754108013878
2016-12-26,-0.4184821977140191
2016-12-27,-0.7331015615280607
2016-12-28,-0.5041061156295042
2016-12-29,-0.23655746852351583
2016-12-30,-0.5590137429777657
2016-12-31,-0.23662282433320722
2017-01-01,-0.0469433488776832
2017-01-02,-0.19881702499895415
2017-01-03,-0.19648093617320384
2017-01-04,-0.24287844345532372
2017-01-05,-0.34355635675015334
2017-01-06,-0.15243398376811831
2017-01-07,-0.17108483915833517
2017-01-08,-0.2503641013548594
2017-01-09,-0.1758990272275921
2017-01-10,0.03876110113316843
2017-01-11,-0.26069932236149357
2017-01-12,-0.019689238058735053
2017-01-13,-0.02963732625700697
2017-01-14,-0.26654018129157564
2017-01-15,0.05083959329781294
2017-01-16,0.1482728869105648
2017-01-17,0.35116825978074706
2017-01-18,0.14297413464944514
2017-01-19,-0.03256308427489826
2017-01-20,0.4379523318434697
2017-01-21,0.13008556676270092
2017-01-22,0.5006012845735205
2017-01-23,0.6361529946958655
2017-01-24,0.2553871903661585
2017-01-25,0.4465413447630357
2017-01-26,0.3743866635231693
2017-01-27,0.5091806268827057
2017-01-28,0.4595442927392638
2017-01-29,0.8110818396576832
2017-01-30,0.6916453402357543
2017-01-31,0.7040838337724024
2017-02-01,0.5119012806682861
2017-02-02,0.7229719197614954
2017-02-03,0.5766705452975213
2017-02-04,0.6449449047801203
2017-02-05,0.7615355875331012
2017-02-06,0.6387145114617887
2017-02-07,0.602658833938323
2017-02-08,0.8896128506784863
2017-02-09,1.0222358062722243
2017-02-10,0.6845263766263601
2017-02-11,0.8248973185419627
2017-02-12,0.6596214946469887
2017-02-13,0.7738751855848146
2017-02-14,0.6277146715339469
2017-02-15,0.8115760122379817
2017-02-16,0.7844247630982557
2017-02-17,1.134547814115293
2017-02-18,0.9832642263997742
2017-02-19,0.8939317447036406
2017-02-20,0.6978233675667611
2017-02-21,1.0091365500554854
2017-02-22,0.7527840556288933
2017-02-23,0.9528129125576912
2017-02-24,0.8288884774897217
2017-02-25,1.0891894899315353
2017-02-26,0.844231675277669
2017-02-27,1.2788105344843568
2017-02-28,0.8409668174622098
2017-03-01,1.0624423880682197
2017-03-02,1.1476775702600313
2017-03-03,0.7950269959362029
2017-03-04,0.9854480819317752
2017-03-05,0.8589815792831709
2017-03-06,1.067211906856043
2017-03-07,0.8276940155636734
2017-03-08,0.9336196406880798
2017-03-09,0.893515985289684
2017-03-10,1.1192893991513484
2017-03-11,1.1709031585624081
2017-03-12,0.8172631877924209
2017-03-13,0.8453660995602722
2017-03-14,1.1337406980522382
2017-03-15,0.7627393278680531
2017-03-16,0.930257826165865
2017-03-17,0.8158667132319265
2017-03-18,0.806211461722604
2017-03-19,0.809123898137041
2017-03-20,0.49230972967597186
2017-03-21,0.8776981627199164
2017-03-22,0.7645730092960106
2017-03-23,0.6181086388267677
2017-03-24,0.7049620809406263
2017-03-25,0.8462787909958576
2017-03-26,0.6750884171246466
2017-03-27,0.668994738809262
2017-03-28,0.43073300165568085
2017-03-29,0.7781911441933707
2017-03-30,0.6154173713114908
2017-03-31,0.43935484268559793
2017-04-01,0.6179712648460022
2017-04-02,0.2518145929227451
2017-04-03,0.4484412251320395
2017-04-04,0.9355965713134983
2017-04-05,0.19327412271742037
2017-04-06,0.2437182626130594
2017-04-07,0.3547701106618506
2017-04-08,0.25429375762657275
2017-04-09,0.3428775761784564
2017-04-10,0.22186127816605036
2017-04-11,-0.05125916302212011
2017-04-12,0.3756349774787286
2017-04-13,-0.11249731089402996
2017-04-14,-0.027938944219507572
2017-04-15,-0.09620696669624798
2017-04-16,-0.05688447166125825
2017-04-17,-0.03735155387152367
2017-04-18,0.04025015121285908
2017-04-19,0.05220131348720643
2017-04-20,-0.2802194710097002
2017-04-21,-0.06624319112843019
2017-04-22,-0.32916774876862837
2017-04-23,-0.24361789773502715
2017-04-24,-0.35455145840025476
2017-04-25,-0.24974929903997178
2017-04-26,-0.40113109748522885
2017-04-27,-0.2813078038981439
2017-04-28,-0.3753284054326951
2017-04-29,-0.4053722841807568
2017-04-30,-0.7555613224494719
2017-05-01,-0.3823388227420206
2017-05-02,-0.3756641611287762
2017-05-03,-0.38307788607113114
2017-05-04,-0.6060666352372288
2017-05-05,-0.41033704760470285
2017-05-06,-0.6960049379113964
2017-05-07,-0.7019452054073183
2017-05-08,-0.6182409943348408
2017-05-09,-0.533849900264574
2017-05-10,-0.5638108759994194
2017-05-11,-0.85735035585856
2017-05-12,-0.4633535240065272
2017-05-13,-0.8717621753182168
2017-05-14,-0.7133442103386659
2017-05-15,-0.8320005287599751
2017-05-16,-0.7125286217481686
2017-05-17,-0.8869048688390455
2017-05-18,-1.0453741385070026
2017-05-19,-1.0890005896047485
2017-05-20,-0.9812540602806705
2017-05-21,-1.019764972019311
2017-05-22,-0.9038371228610521
2017-05-23,-0.8062205293883583
2017-05-24,-1.06461855207016
2017-05-25,-0.9512374895160127
2017-05-26,-0.8529931234177032
2017-05-27,-1.0227346311187435
2017-05-28,-1.1310081242743517
2017-05-29,-1.0639117805885063
2017-05-30,-0.9225414028374895
2017-05-31,-1.028241104278824
2017-06-01,-1.342258454336409
2017-06-02,-0.8855298270683408
2017-06-03,-0.9484423331206255
2017-06-04,-1.1750598422846172
2017-06-05,-0.9024615323008867
2017-06-06,-1.0401849079858856
2017-06-07,-0.7916295045011753
2017-06-08,-1.09187029834426
2017-06-09,-0.9488094877944672
2017-06-10,-0.8710815847139525
2017-06-11,-0.9898755205442565
2017-06-12,-1.150957864404988
2017-06-13,-0.7928782884370817
2017-06-14,-0.8159158905085911
2017-06-15,-0.9186469121140569
2017-06-16,-0.8032854812330565
2017-06-17,-0.9493184136205727
2017-06-18,-0.8672349966715815
2017-06-19,-0.7350357429182228
2017-06-20,-0.9175539483823625
2017-06-21,-0.9412174993806133
2017-06-22,-0.8713693309505578
2017-06-23,-0.6612470300099155
2017-06-24,-0.9351616510478028
2017-06-25,-0.9382980775203236
2017-06-26,-0.9801843777006358
2017-06-27,-0.8574663222141699
2017-06-28,-0.8985253685122552
2017-06-29,-0.7423767841371274
2017-06-30,-0.510409328786684
2017-07-01,-0.740471260141014
2017-07-02,-0.3166549101634903
2017-07-03,-0.4627864893513195
2017-07-04,-0.3951606720799701
2017-07-05,-0.49455897161996837
2017-07-06,-0.3296254518039533
2017-07-07,-0.5303492648505445
2017-07-08,-0.5043538545810075
2017-07-09,-0.5262589278045171
2017-07-10,-0.3219434979188011
2017-07-11,-0.2560942949108506
2017-07-12,-0.06798469481484459
2017-07-13,-0.25490363830087065
2017-07-14,0.09493187918328141
2017-07-15,0.16722760987103027
2017-07-16,-0.19277181059506082
2017-07-17,-0.281388079195371
2017-07-18,0.024221983245317304
2017-07-19,0.12356021142966918
2017-07-20,0.4204926188979278
2017-07-21,-0.05396903835272246
2017-07-22,0.06830378539038902
2017-07-23,-0.07584698953022048
2017-07-24,0.4325773068726343
2017-07-25,-0.006560025441820411
2017-07-26,-0.038527333768375305
2017-07-27,0.18733846921990097
2017-07-28,0.361745834431489
2017-07-29,0.17532058757800234
2017-07-30,0.33213325865806215
2017-07-31,0.5011703248905905
2017-08-01,0.3031265640483448
2017-08-02,0.4110066335152031
2017-08-03,0.7222688057218728
2017-08-04,0.7678575211352279
2017-08-05,0.3671283021901518
2017-08-06,0.5877892749518535
2017-08-07,0.542645789589269
2017-08-08,0.6282793717033346
2017-08-09,0.3972024827065205
2017-08-10,0.7520985442206659
2017-08-11,0.5559420110921227
2017-08-12,0.6295294742887775
2017-08-13,0.8737256994274297
2017-08-14,0.7934038204017226
2017-08-15,0.7666072082391682
2017-08-16,0.805880846360027
2017-08-17,0.6683306655225134
2017-08-18,0.7937590530117248
2017-08-19,0.8849577815706229
2017-08-20,0.8479642996443949
2017-08-21,0.9564170671310118
2017-08-22,0.9547048439627159
2017-08-23,0.8029924449021234
2017-08-24,1.0045268029287833
2017-08-25,0.862270447468567
2017-08-26,1.195007679925732
2017-08-27,0.8897992558409431
2017-08-28,1.0377202728065784
2017-08-29,0.8570330958984193
2017-08-30,1.0544163266066966
2017-08-31,0.9085114182292341
2017-09-01,1.0534958668295424
2017-09-02,1.3399821366968794
2017-09-03,0.9997620764127306
2017-09-04,0.7790787780336145
2017-09-05,0.9853472735923029
2017-09-06,0.963367778874824
2017-09-07,0.9289822387857067
2017-09-08,1.0972394520102107
2017-09-09,0.9999923992353635
2017-09-10,1.0269251407250448
2017-09-11,1.0878683153197237
2017-09-12,1.0822571728683872
2017-09-13,1.2104462974346573
2017-09-14,1.1242303075907214
2017-09-15,0.8685355373445129
2017-09-16,0.8490626045679693
2017-09-17,0.8485532443761855
2017-09-18,0.5677305896001985
2017-09-19,0.9986818908493902
2017-09-20,1.1767349811738552
2017-09-21,0.8870476441752526
2017-09-22,0.628934619213709
2017-09-23,0.8486523882273244
2017-09-24,1.0758140390396544
2017-09-25,0.6038217459084173
2017-09-26,0.6899579146817459
2017-09-27,0.6147298928762257
2017-09-28,0.5821614556459183
2017-09-29,0.5245783104877683
2017-09-30,0.6715413385458858
2017-10-01,0.7222091039784824
2017-10-02,0.3605174754083265
2017-10-03,0.5154473500022512
2017-10-04,0.6300423726777208
2017-10-05,0.6344453660010317
2017-10-06,0.3991416301035876
2017-10-07,0.4608699146490607
2017-10-08,0.22365071813438245
2017-10-09,0.2903512645095753
2017-10-10,0.42200171725887536
2017-10-11,0.134679183505986
2017-10-12,0.23819392151414834
2017-10-13,0.2670406438715983
2017-10-14,0.38970450565582493
2017-10-15,0.18954405441614283
2017-10-16,0.25093699346846926
2017-10-17,0.3663390058295992
2017-10-18,0.08488666601470725
2017-10-19,0.5089786109110795
2017-10-20,-0.057060247959127494
2017-10-21,-0.08902217438959614
2017-10-22,-0.03641378983294135
2017-10-23,-0.2089187463847463
2017-10-24,-0.3145226750175938
2017-10-25,-0.2316565345957201
2017-10-26,-0.14508551973344752
2017-10-27,-0.32978097077688007
2017-10-28,-0.26613788964806573
2017-10-29,-0.037209496336505304
2017-10-30,-0.3873003817623154
2017-10-31,-0.1524615368766756
2017-11-01,-0.44653149984944673
2017-11-02,-0.6299306396364974
2017-11-03,-0.23402025280246452
2017-11-04,-0.5639475380065175
2017-11-05,-0.4361833886526081
2017-11-06,-0.3518649759689555
2017-11-07,-0.4058410989854242
2017-11-08,-0.4911378923667075
2017-11-09,-0.33996398796894367
2017-11-10,-0.6547372744963981
2017-11-11,-0.43239870034589856
2017-11-12,-0.5224289891960199
2017-11-13,-0.8571956717779994
2017-11-14,-0.671696478703215
2017-11-15,-0.5361522660479161
2017-11-16,-0.4919997344245972
2017-11-17,-0.7848899662163058
2017-11-18,-0.775268857859615
2017-11-19,-0.7639198502251253
2017-11-20,-0.785834506691227
2017-11-21,-0.9495903242945181
2017-11-22,-0.781947420527984
2017-11-23,-0.8948319497509938
2017-11-24,-0.7536500647091416
2017-11-25,-0.8734802874435517
2017-11-26,-1.0701406274083627
2017-11-27,-0.9764690512011603
2017-11-28,-0.9171229364004723
2017-11-29,-0.9359985743601967
2017-11-30,-0.9075504633013024
2017-12-01,-1.0993237919307077
2017-12-02,-1.0833660689749076
2017-12-03,-0.8834262575609318
2017-12-04,-0.9394128662817613
2017-12-05,-0.9415520409122331
2017-12-06,-0.9247005011696835
2017-12-07,-1.1761354508295605
2017-12-08,-0.9262517200697928
2017-12-09,-1.0650448886290182
2017-12-10,-1.0339589180814104
2017-12-11,-0.9984913088716555
2017-12-12,-1.2255276603554395
2017-12-13,-1.1308127791982094
2017-12-14,-1.0122155070478633
2017-12-15,-1.161347839075963
2017-12-16,-0.9887787084345961
2017-12-17,-0.6921008548237266
2017-12-18,-1.222929242275924
2017-12-19,-0.7215991210218493
2017-12-20,-1.1254323293996131
2017-12-21,-0.7584294845970072
2017-12-22,-0.7800331722449849
2017-12-23,-0.9094427764249124
2017-12-24,-0.7507123902186962
2017-12-25,-0.7041808601940239
2017-12-26,-0.8139002337698827
2017-12-27,-1.067639958481063
2017-12-28,-0.6590348992622793
2017-12-29,-0.6955633907465528
2017-12-30,-0.6581141898425203
2017-12-31,-0.4451920938519509
2018-01-01,-0.6705940815718282
2018-01-02,-0.6349277957312461
2018-01-03,-0.4485745987502925
2018-01-04,-0.421433264622291
2018-01-05,-0.42210002578080763
2018-01-06,-0.745494785100717
2018-01-07,-0.4738435123726707
2018-01-08,-0.7551688312643721
2018-01-09,-0.6414631659057557
2018-01-10,-0.5523897169127638
2018-01-11,-0.635086305645692
2018-01-12,-0.055278394109370355
2018-01-13,-0.3800530832759198
2018-01-14,-0.2773980452170513
2018-01-15,-0.3179912776217657
2018-01-16,-0.1104989797125191
2018-01-17,-0.5794571354049832
2018-01-18,-0.21940193382628656
2018-01-19,-0.32206407092282086
2018-01-20,-0.006690344606651993
2018-01-21,0.03913277229204673
2018-01-22,0.02696201453242028
2018-01-23,0.06305689555417995
2018-01-24,-0.1969311857994447
2018-01-25,0.389293544839254
2018-01-26,0.1266420112094236
2018-01-27,0.43234994807540594
2018-01-28,0.019522649069101672
2018-01-29,0.11188641904918889
2018-01-30,0.29506255939382836
2018-01-31,0.45504184253368996
2018-02-01,0.6571899266372876
2018-02-02,0.29976153478160883
2018-02-03,0.44528923513442387
2018-02-04,0.417745550428622
2018-02-05,0.1317430896292125
2018-02-06,0.3129918586688504
2018-02-07,0.25467835852374665
2018-02-08,0.3829924527733415
2018-02-09,0.32284802821537695
2018-02-10,0.49551386878450404
2018-02-11,0.49386892058211673
2018-02-12,0.499410953433111
2018-02-13,0.5857357198249893
2018-02-14,0.7967931579714765
2018-02-15,0.3614143146986843
2018-02-16,0.8409819703770853
2018-02-17,0.8167259422225345
2018-02-18,0.9848375476281095
2018-02-19,0.5064459449400989
2018-02-20,0.7469415888466275
2018-02-21,0.9665345268055504
2018-02-22,0.6489285512581503
2018-02-23,0.6707815011481442
2018-02-24,0.7412421591202613
2018-02-25,0.8001152631084234
2018-02-26,0.7202679921516728
2018-02-27,1.0960389819817182
2018-02-28,0.780433375509884
2018-03-01,0.7461993123205894
2018-03-02,0.5871694339080119
2018-03-03,1.1684900013856814
2018-03-04,1.0259340939632684
2018-03-05,1.0070959901199945
2018-03-06,1.058836930946594
2018-03-07,0.9811112439827957
2018-03-08,0.7556468097884402
2018-03-09,1.0399845618652699
2018-03-10,0.879726188908758
2018-03-11,1.128890311555551
2018-03-12,0.9099864267066332
2018-03-13,0.8211056403093966
2018-03-14,1.1162855797850715
2018-03-15,0.9589444180281202
2018-03-16,0.8465760762776294
2018-03-17,1.1239914461274045
2018-03-18,1.2240176602847352
2018-03-19,0.9617535413982022
2018-03-20,0.8707046295174211
2018-03-21,0.5358206272587956
2018-03-22,0.9776613316823547
2018-03-23,1.04458407267758
2018-03-24,0.7877733374977819
2018-03-25,0.8389184492157159
2018-03-26,0.912586043164971
2018-03-27,0.8597256999942111
2018-03-28,0.8874640373492952
2018-03-29,1.1289534333864504
2018-03-30,0.9967638981049431
2018-03-31,0.8162329966481191
2018-04-01,0.7660164437398556
2018-04-02,1.017036292883542
2018-04-03,0.7445579010542398
2018-04-04,0.5388361014691316
2018-04-05,0.8905081518232393
2018-04-06,1.122561641092789
2018-04-07,0.5801345086457199
2018-04-08,0.6178499873492318
2018-04-09,0.6210296393262693
2018-04-10,0.544315417560111
2018-04-11,0.6588810210164529
2018-04-12,0.5288173235351126
2018-04-13,0.7260598961969771
2018-04-14,0.6083617766090045
2018-04-15,0.11459188092929817
2018-04-16,0.4079087090359498
2018-04-17,0.33038820765001475
2018-04-18,0.5244963281885413
2018-04-19,0.4538919397184842
2018-04-20,0.2871401945442757
2018-04-21,0.15583700277781531
2018-04-22,0.0847895840459982
2018-04-23,0.46407429217914276
2018-04-24,0.1444892753365342
2018-04-25,-0.07134830367033988
2018-04-26,0.08130763940338159
2018-04-27,-0.1666569997420326
2018-04-28,0.10290730995796618
2018-04-29,0.038433676708981165
2018-04-30,0.23997148177159877
2018-05-01,-0.23606955384682
2018-05-02,-0.16722933840016796
2018-05-03,-0.08801461683635398
2018-05-04,-0.20952313695773384
2018-05-05,0.047184484829222606
2018-05-06,-0.18274416488780554
2018-05-07,-0.2616926816320012
2018-05-08,-0.2899360922858831
2018-05-09,-0.5459756350117321
2018-05-10,-0.33679358020252664
2018-05-11,-0.4921738271162915
2018-05-12,-0.4559402383009569
2018-05-13,-0.4206352452996942
2018-05-14,-0.7364235438836055
2018-05-15,-0.5813396849281796
2018-05-16,-0.5381562817313028
2018-05-17,-0.5809234499999427
2018-05-18,-0.572836991352397
2018-05-19,-0.46967359688165733
2018-05-20,-0.551966067617497
2018-05-21,-0.6131567059938248
2018-05-22,-0.541452108819847
2018-05-23,-0.7002306734591547
2018-05-24,-0.913338930188294
2018-05-25,-0.7928020949500855
2018-05-26,-0.4857109739995524
2018-05-27,-0.6874760483962188
2018-05-28,-0.8694147878939302
2018-05-29,-0.7255504832764854
2018-05-30,-0.822316723555033
2018-05-31,-0.8548932404109516
2018-06-01,-0.8471933723826239
2018-06-02,-0.8792723568915385
2018-06-03,-0.8951556944476337
2018-06-04,-0.8418347289709993
2018-06-05,-0.8696354309665932
2018-06-06,-1.2102852505372068
2018-06-07,-1.084518136996496
2018-06-08,-0.8963972004272341
2018-06-09,-0.9907882484972832
2018-06-10,-1.06718908759998
2018-06-11,-0.9056080284857118
2018-06-12,-1.0886984361793566
2018-06-13,-0.7524165831111754
2018-06-14,-1.0335345336641923
2018-06-15,-0.9126539934585601
2018-06-16,-0.9412510072906679
2018-06-17,-1.0962478630863939
2018-06-18,-1.1372854384946574
2018-06-19,-0.9430012902188122
2018-06-20,-0.8002530906348466
2018-06-21,-1.009745503724014
2018-06-22,-0.877967450951271
2018-06-23,-1.1073354563045505
2018-06-24,-1.0002202371070394
2018-06-25,-0.8999258365245767
2018-06-26,-1.0392333395486932
2018-06-27,-0.8396008060440651
2018-06-28,-0.8780481582280286
2018-06-29,-1.010944955684071
2018-06-30,-0.7190969390321836
2018-07-01,-1.0879546489441874
2018-07-02,-0.5922393456819379
2018-07-03,-0.915819592542226
2018-07-04,-0.9284280407151777
2018-07-05,-0.7280149494168938
2018-07-06,-0.8386471379995802
2018-07-07,-0.7452172985571576
2018-07-08,-0.6469884105454369
2018-07-09,-0.5372327117386885
2018-07-10,-0.6394828589746372
2018-07-11,-0.4369430780019184
2018-07-12,-0.6132563712891131
2018-07-13,-0.4055698095379379
2018-07-14,-0.8917507411301124
2018-07-15,-0.42622467501677747
2018-07-16,-0.6813883641669436
2018-07-17,-0.7160467927834934
2018-07-18,-0.374894775620133
2018-07-19,-0.37770503457979954
2018-07-20,-0.6686074323023841
2018-07-21,-0.6197657270287311
2018-07-22,-0.3322028858035193
2018-07-23,-0.09479078904505622
2018-07-24,-0.2898633003946192
2018-07-25,-0.20744851762823446
2018-07-26,-0.020074911147581892
2018-07-27,0.07306924514768698
2018-07-28,0.2508765874984208
2018-07-29,-0.11000225466087077
2018-07-30,0.07460420050190311
2018-07-31,0.11444504647222047
2018-08-01,-0.0554873489336532
2018-08-02,0.01977321149754671
2018-08-03,0.18900589020270417
2018-08-04,0.0043464641612463994
2018-08-05,0.10186907742751905
2018-08-06,-0.0768234399558834
2018-08-07,0.1959078234709017
2018-08-08,0.4217645963686601
2018-08-09,0.5042118353668561
2018-08-10,0.31805616096184597
2018-08-11,0.23453172535230693
2018-08-12,0.2779307564763629
2018-08-13,0.6125742147912949
2018-08-14,0.5424164322724225
2018-08-15,0.47592881504202705
2018-08-16,0.4844233131031946
2018-08-17,0.4756321178438128
2018-08-18,0.35703951331247574
2018-08-19,0.4502590566606208
2018-08-20,0.816179691933929
2018-08-21,0.6673384332983235
2018-08-22,0.8501015308867358
2018-08-23,0.9484615457621866
2018-08-24,0.36409240658679604
2018-08-25,0.5101117160785058
2018-08-26,0.642939860130972
2018-08-27,0.7660151685866244
2018-08-28,0.7627611798811592
2018-08-29,1.078857059891373
2018-08-30,0.8534754879847959
2018-08-31,0.770428684843292
2018-09-01,0.8482773635806978
2018-09-02,0.918488006661794
2018-09-03,0.820544516260927
2018-09-04,0.9357514725593229
2018-09-05,0.9778646144230954
2018-09-06,1.0034055232489745
2018-09-07,0.9413679783283875
2018-09-08,0.9083051880759168
2018-09-09,1.0458563679542991
2018-09-10,1.1063530439550873
2018-09-11,0.8591115317584695
2018-09-12,0.7823410198024927
2018-09-13,1.1772165020435403
2018-09-14,1.170109585667849
2018-09-15,0.9284245667443348
2018-09-16,1.1219170979805102
2018-09-17,0.9020177078410261
2018-09-18,1.3620569167636942
2018-09-19,1.2893709789852603
2018-09-20,1.0659675088041622
2018-09-21,1.111333213667595
2018-09-22,0.9422499834055017
2018-09-23,0.4813536362831135
2018-09-24,0.9980182643144545
2018-09-25,1.015041244862686
2018-09-26,0.7909257903084914
2018-09-27,0.8278406380391253
2018-09-28,1.1118581223480033
2018-09-29,0.7463727064296601
2018-09-30,0.9038039002275237
2018-10-01,0.9939329946688349
2018-10-02,0.8928559625169565
2018-10-03,1.0313301956744465
2018-10-04,0.7890351991674877
2018-10-05,0.997079401242164
2018-10-06,0.6145389230316051
2018-10-07,1.1004186113924648
2018-10-08,0.7310162858988664
2018-10-09,0.6149645358356218
2018-10-10,0.6573172345221122
2018-10-11,0.7456727980169771
2018-10-12,0.5654132951527127
2018-10-13,0.6597342999423175
2018-10-14,0.6356367468778329
2018-10-15,0.725848243335533
2018-10-16,0.8328276424200427
2018-10-17,0.21547972742574678
2018-10-18,0.6460971958088766
2018-10-19,0.7234048864673766
2018-10-20,0.5842200848157642
2018-10-21,0.41835459529360336
2018-10-22,0.308890739078901
2018-10-23,0.26310495313168303
2018-10-24,0.28058424140633564
2018-10-25,0.14586135857204763
2018-10-26,0.1670455919244001
2018-10-27,0.3109170479089237
2018-10-28,0.31800147584641036
2018-10-29,-0.042395202650216623
2018-10-30,0.02990015000139669
2018-10-31,0.11543070248958466
2018-11-01,-0.13171216890133453
2018-11-02,0.030387295804075065
2018-11-03,-0.278622980808989
2018-11-04,-0.06938295796534372
2018-11-05,-0.045142507112415894
2018-11-06,0.008581464968911809
2018-11-07,-0.05626287112173595
2018-11-08,-0.3124419730338588
2018-11-09,-0.08923358028643325
2018-11-10,-0.2105583164099077
2018-11-11,-0.04984909275539193
2018-11-12,-0.2716936909214907
2018-11-13,-0.14728683004659912
2018-11-14,-0.21013205193808127
2018-11-15,-0.3800876378045585
2018-11-16,-0.31418416637814506
2018-11-17,-0.3344957344533889
2018-11-18,-0.36229498958840745
2018-11-19,-0.6791525827044433
2018-11-20,-0.5904522800989038
2018-11-21,-0.5488781683179965
2018-11-22,-0.45693967905065114
2018-11-23,-0.46855066147883645
2018-11-24,-0.594338794272939
2018-11-25,-0.40768395948481173
2018-11-26,-0.7318140077303362
2018-11-27,-0.7026758985079784
2018-11-28,-0.6169966537195184
2018-11-29,-0.7349884253683868
2018-11-30,-0.5796074618769594
2018-12-01,-0.5308544126417346
2018-12-02,-0.8769415352810805
2018-12-03,-0.8342844426870241
2018-12-04,-1.0452403072498024
2018-12-05,-0.7265115074202319
2018-12-06,-0.9134358663563192
2018-12-07,-1.0491617937998277
2018-12-08,-0.7456610696319345
2018-12-09,-0.9858347884731437
2018-12-10,-0.7666895346714574
2018-12-11,-0.9978822555059979
2018-12-12,-0.6989377057952312
2018-12-13,-1.222433463465536
2018-12-14,-1.153852078212596
2018-12-15,-0.8758878945999903
2018-12-16,-1.1744062545702179
2018-12-17,-0.7053714939646376
2018-12-18,-0.9939874354345662
2018-12-19,-1.0619463673446632
2018-12-20,-1.3400579778141009
2018-12-21,-1.0240023692707239
2018-12-22,-0.7767339819662192
2018-12-23,-1.0585581794226941
2018-12-24,-0.7139307008501372
2018-12-25,-1.0609980367846967
2018-12-26,-0.8824686627696781
2018-12-27,-1.0057920534813394
2018-12-28,-1.2255440653443321
2018-12-29,-1.2185581288580876
2018-12-30,-1.1284966946619812
2018-12-31,-1.010679023829553
2019-01-01,-0.761617179470677
2019-01-02,-0.5840425991488705
2019-01-03,-0.9818628225958311
2019-01-04,-0.9889474265847759
2019-01-05,-0.8512577319446297
2019-01-06,-0.7978361873962709
2019-01-07,-0.9080478071228681
2019-01-08,-0.9374293455656149
2019-01-09,-0.5755257485488008
2019-01-10,-0.8512124998746183
2019-01-11,-0.6431733649617295
2019-01-12,-1.0642474633838312
2019-01-13,-0.6369296426002046
2019-01-14,-0.5915862111732231
2019-01-15,-0.6609742682840328
2019-01-16,-0.5614662435855237
2019-01-17,-0.6434943583346603
2019-01-18,-0.32724773940419316
2019-01-19,-0.815257112071354
2019-01-20,-0.48502012919864057
2019-01-21,-0.5373112995161884
2019-01-22,-0.19796437973956743
2019-01-23,-0.06407235959695506
2019-01-24,-0.495725685595824
2019-01-25,-0.5224955578269814
2019-01-26,-0.367436361328754
2019-01-27,-0.23043877704237964
2019-01-28,-0.6152907381091437
2019-01-29,-0.058345746922070146
2019-01-30,-0.33078338766240517
2019-01-31,-0.1709363557812957
2019-02-01,-0.17576847755280467
2019-02-02,0.12084584152589213
2019-02-03,-0.08116022647251596
2019-02-04,0.06126200528623972
2019-02-05,-0.1438883066163343
2019-02-06,-0.08983232562730921
2019-02-07,0.27134940673641944
2019-02-08,0.018297006398184407
2019-02-09,0.20511784845102854
2019-02-10,-0.06679874463273289
2019-02-11,0.21294095186866618
2019-02-12,0.1684176708030191
2019-02-13,0.49768285669224954
2019-02-14,0.16318524415306665
2019-02-15,0.448382532827531
2019-02-16,0.5120807212298646
2019-02-17,0.18565022631478345
2019-02-18,0.7085807176657577
2019-02-19,0.3959499797839819
2019-02-20,0.40847736843980054
2019-02-21,0.5153898905836841
2019-02-22,0.4366404404686834
2019-02-23,0.44378302272045395
2019-02-24,0.467656677523535
2019-02-25,0.5232851535113056
2019-02-26,0.6428329813377329
2019-02-27,0.8171614093242658
2019-02-28,0.5323195392598115
2019-03-01,0.8650306521873293
2019-03-02,0.6690811391511293
2019-03-03,0.5579914385271272
2019-03-04,0.8432292103053232
2019-03-05,0.5715454081630784
2019-03-06,0.8414496830111212
2019-03-07,0.7625958002939254
2019-03-08,0.8488370927554841
2019-03-09,0.9077607119402351
2019-03-10,0.9933004804474915
2019-03-11,0.824277311687033
2019-03-12,1.166555719683889
2019-03-13,0.8534599894480768
2019-03-14,1.058546629726649
2019-03-15,0.954415749807471
2019-03-16,0.7925581241367249
2019-03-17,0.9472336400671156
2019-03-18,1.0060672033044122
2019-03-19,1.084308224372579
2019-03-20,1.010197275601751
2019-03-21,0.7367478910669241
2019-03-22,0.9519300784309286
2019-03-23,1.0726015535256392
2019-03-24,1.062805754079801
2019-03-25,1.0818528789055213
2019-03-26,0.8885313615623519
2019-03-27,1.2183466837371557
2019-03-28,0.8847783097389073
2019-03-29,1.0095781536466102
2019-03-30,1.1588088848715037
2019-03-31,0.9473074481043519
2019-04-01,1.0478169583835297
2019-04-02,0.919018379263325
2019-04-03,1.135907358673713
2019-04-04,0.7742229754893528
2019-04-05,0.9307685312517736
2019-04-06,0.8675040783485126
2019-04-07,0.7070659906227108
2019-04-08,0.6681428956096445
2019-04-09,0.8999023868274576
2019-04-10,0.8614219805914981
2019-04-11,0.8182193616903726
2019-04-12,0.6359739804160313
2019-04-13,0.6787077158282133
2019-04-14,0.8705390345012597
2019-04-15,0.8752089476952303
2019-04-16,0.8604711297091509
2019-04-17,0.6134804437441188
2019-04-18,0.4168699731465618
2019-04-19,0.6955073588170989
2019-04-20,0.5060071007798965
2019-04-21,0.5260677234359318
2019-04-22,0.638089890838638
2019-04-23,0.5889993112975376
2019-04-24,0.721018974862303
2019-04-25,0.553154539199875
2019-04-26,0.47218896426180107
2019-04-27,0.4397531150811219
2019-04-28,0.6456845585294968
2019-04-29,0.2662651101705646
2019-04-30,0.18297341001557724
2019-05-01,0.37411435564344314
2019-05-02,0.5869438197825505
2019-05-03,0.1624026648388776
2019-05-04,0.03804546945562032
2019-05-05,0.37802182010018237
2019-05-06,0.15321358298385532
2019-05-07,0.05684290819695861
2019-05-08,0.008072163221958015
2019-05-09,-0.21287297352552015
2019-05-10,-0.12311477469652879
2019-05-11,-0.018587362622591235
2019-05-12,0.050422995028078635
2019-05-13,-0.18213687722645605
2019-05-14,-0.06054478052167016
2019-05-15,-0.5108289948658201
2019-05-16,-0.18087833714574614
2019-05-17,-0.11718555211456012
2019-05-18,-0.44696233467084523
2019-05-19,-0.33760455994083965
2019-05-20,-0.20117532862986126
2019-05-21,-0.38448408740563245
2019-05-22,-0.15315859664667308
2019-05-23,-0.17249394429511078
2019-05-24,-0.5260054715427613
2019-05-25,-0.6879346027491177
2019-05-26,-0.38231650081941987
2019-05-27,-0.6917877044718669
2019-05-28,-0.6983813333948055
2019-05-29,-0.5955423033714838
2019-05-30,-0.9282230278826742
2019-05-31,-0.30594329446361207
2019-06-01,-0.681166019096968
2019-06-02,-0.5476631210003688
2019-06-03,-0.7034372991128057
2019-06-04,-0.8023402658110115
2019-06-05,-0.7837477089447498
2019-06-06,-0.9174220095529089
2019-06-07,-0.9029564449541466
2019-06-08,-0.6611315273063225
2019-06-09,-1.0838160451072294
2019-06-10,-0.7887114531247914
2019-06-11,-0.8622655537918076
2019-06-12,-1.0432935162558599
2019-06-13,-0.7918600831070611
2019-06-14,-1.089779908574338
2019-06-15,-0.9054848605696524
2019-06-16,-1.0073807702743358
2019-06-17,-1.1047265507778308
2019-06-18,-1.0697194613664383
2019-06-19,-0.8942190036626172
2019-06-20,-0.8727863987105091
2019-06-21,-0.8519432828311043
2019-06-22,-1.0243870746416068
2019-06-23,-0.593361895487879
2019-06-24,-0.6422640492353735
2019-06-25,-1.3019925504238978
2019-06-26,-1.107398126808367
2019-06-27,-0.8608979255184892
2019-06-28,-1.123348328494984
2019-06-29,-0.9424326230473886
2019-06-30,-0.937777046890834
2019-07-01,-1.0537347030514073
2019-07-02,-0.8234300844394082
2019-07-03,-0.8629774293430583
2019-07-04,-1.029121158849736
2019-07-05,-0.8418489475839046
2019-07-06,-1.206749530296901
2019-07-07,-0.965921528744625
2019-07-08,-0.9735762428168964
2019-07-09,-0.828856009613534
2019-07-10,-0.7973681828096588
2019-07-11,-0.6955031490432579
2019-07-12,-0.613964864843727
2019-07-13,-0.6426961817971258
2019-07-14,-0.9546066867732842
2019-07-15,-0.8149142954109589
2019-07-16,-0.8866256557869217
2019-07-17,-0.6103482141157509
2019-07-18,-0.8280383010925029
2019-07-19,-0.9158502793623559
2019-07-20,-0.8166195115823087
2019-07-21,-0.5535128321128101
2019-07-22,-0.5362039216317516
2019-07-23,-0.3884755900253858
2019-07-24,-0.8772075501243527
2019-07-25,-0.5736891649085596
2019-07-26,-0.5869733503571416
2019-07-27,-0.429853581413747
2019-07-28,-0.6363396383197144
2019-07-29,-0.40738349735686036
2019-07-30,-0.4666200992448663
2019-07-31,-0.2965621969078413
2019-08-01,-0.2688392073819751
2019-08-02,-0.44505730963635953
2019-08-03,-0.18424046070714595
2019-08-04,-0.19397654544739235
2019-08-05,-0.24621452457761073
2019-08-06,-0.2995200580683389
2019-08-07,-0.12769529004410599
2019-08-08,-0.06062190706521625
2019-08-09,-0.0037675262531457476
2019-08-10,-0.029384959207144824
2019-08-11,-0.026106349635223864
2019-08-12,-0.0549282902726726
2019-08-13,-0.0019981282915599793
2019-08-14,0.04165190080143364
2019-08-15,-0.028494668920994767
2019-08-16,0.24707354478041132
2019-08-17,0.0522448947483832
2019-08-18,0.005009456678806284
2019-08-19,0.29822600259338605
2019-08-20,0.5017617379079099
2019-08-21,0.23126937870105801
2019-08-22,0.5926414684161663
2019-08-23,0.3515911460594897
2019-08-24,0.44263948564846
2019-08-25,0.43513821134536
2019-08-26,0.340364039270641
2019-08-27,0.56653085690555
2019-08-28,0.43539047055952834
2019-08-29,0.6800528192054075
2019-08-30,0.658497949746129
2019-08-31,0.8297484878748969
2019-09-01,0.4970051595823292
2019-09-02,0.7741815109324317
2019-09-03,0.6372276764449996
2019-09-04,1.0001328495213124
2019-09-05,0.5319428195897778
2019-09-06,0.8727504072370567
2019-09-07,0.5788227528374602
2019-09-08,0.7663177425149985
2019-09-09,0.9061644646357325
2019-09-10,0.73897544406414
2019-09-11,0.7636711700730276
2019-09-12,1.0826005983203613
2019-09-13,0.8619682214940294
2019-09-14,0.821879099919903
2019-09-15,0.8810941623173995
2019-09-16,0.8586403305827255
2019-09-17,0.9342116971052356
2019-09-18,1.016040376620356
2019-09-19,1.0173185700375178
2019-09-20,1.1122367726725182
2019-09-21,0.9383678203825783
2019-09-22,0.9472399147150544
2019-09-23,1.1737771209732626
2019-09-24,1.2106780458002089
2019-09-25,0.7543663554648853
2019-09-26,0.8539211684415817
2019-09-27,0.9432522100493985
2019-09-28,1.2720521221413505
2019-09-29,1.0411563689080363
2019-09-30,0.9609410300995155
2019-10-01,1.424244274335205
2019-10-02,1.0549621502933733
2019-10-03,0.954392571852224
2019-10-04,0.6997358197730186
2019-10-05,0.847590131877212
2019-10-06,1.0181625727007542
2019-10-07,0.9563083056254683
2019-10-08,0.7171519090572749
2019-10-09,1.028668109486653
2019-10-10,0.8786416503423066
2019-10-11,1.3409575889098764
2019-10-12,0.7412472149751284
2019-10-13,0.7147591823102201
2019-10-14,0.7153173445447534
2019-10-15,0.9137017008937434
2019-10-16,0.9103723656858669
2019-10-17,0.9776668853179882
2019-10-18,1.0928009211352379
2019-10-19,1.0466335281633794
2019-10-20,0.5128717156665814
2019-10-21,0.7250732255277401
2019-10-22,0.6521257631492887
2019-10-23,0.6933489014135843
2019-10-24,0.6429189000566237
2019-10-25,0.7203544704940206
2019-10-26,0.8181049724736184
2019-10-27,0.4917476706851742
2019-10-28,0.7837107215788457
2019-10-29,0.5283517164131057
2019-10-30,0.729754645461726
2019-10-31,0.45207424668552243
2019-11-01,0.5195074941780631
2019-11-02,0.1791585782006846
2019-11-03,0.2979514534968649
2019-11-04,0.4691670304785833
2019-11-05,0.18113161834777647
2019-11-06,0.3992693853785438
2019-11-07,0.2394216779134588
2019-11-08,0.24421668391707277
2019-11-09,0.25422188818462643
2019-11-10,0.466618534903691
2019-11-11,0.18428551025695686
2019-11-12,0.20635977735149852
2019-11-13,0.21022806072619152
2019-11-14,0.05695202661308128
2019-11-15,-0.18112545893672732
2019-11-16,0.11504424710201316
2019-11-17,-0.07932676934453911
2019-11-18,0.15083878218173924
2019-11-19,0.023995351860262887
2019-11-20,-0.045704131266051135
2019-11-21,-0.5476626886148278
2019-11-22,-0.07548665064617838
2019-11-23,-0.43573799564080823
2019-11-24,-0.1341510924304322
2019-11-25,-0.25665408384956845
2019-11-26,-0.5191656054112603
2019-11-27,-0.5363120327703148
2019-11-28,-0.051971991047007615
2019-11-29,-0.3778006417056261
2019-11-30,-0.605164098467977
2019-12-01,-0.3839500782266809
2019-12-02,-0.5182471783082042
2019-12-03,-0.5951606674998798
2019-12-04,-0.6024202247951898
2019-12-05,-0.6329199778513507
2019-12-06,-0.5092424166089958
2019-12-07,-0.6540238291491505
2019-12-08,-0.4936390818546539
2019-12-09,-0.6268364828529238
2019-12-10,-0.7298012946598093
2019-12-11,-0.9644044495810022
2019-12-12,-0.7093545737178403
2019-12-13,-1.0590182677409183
2019-12-14,-0.6868222685808075
2019-12-15,-0.8284169041730824
2019-12-16,-0.770071428936701
2019-12-17,-0.5697333862194596
2019-12-18,-0.8587175099975596
2019-12-19,-0.8640273197868342
2019-12-20,-1.0597409302297767
2019-12-21,-0.8152631078756586
2019-12-22,-0.959525059734365
2019-12-23,-0.8235576103645303
2019-12-24,-0.9326597798971228
2019-12-25,-0.7120387679615701
2019-12-26,-0.9491212038310034
2019-12-27,-1.1150895205944082
2019-12-28,-1.0563821777879567
2019-12-29,-0.8414138890176442
2019-12-30,-1.0839505662403117
2019-12-31,-0.9192282708540762
2020-01-01,-0.990806040751993
2020-01-02,-1.1553833418329589
2020-01-03,-0.8808471254930761
2020-01-04,-0.8509230885225071
2020-01-05,-0.8797060397297364
2020-01-06,-1.0295673145662538
2020-01-07,-0.7983167384079306
2020-01-08,-0.8373700656857881
2020-01-09,-1.119859121865243
2020-01-10,-1.2602535909378525
2020-01-11,-1.1292758042553697
2020-01-12,-0.8396740131151301
2020-01-13,-0.8954181169672888
2020-01-14,-0.829743716882456
2020-01-15,-0.8664970203398654
2020-01-16,-1.0802518684400773
2020-01-17,-1.0000966153683435
2020-01-18,-0.6357861077208921
2020-01-19,-0.6126619035062169
2020-01-20,-0.8684960940909341
2020-01-21,-0.8315490279538964
2020-01-22,-0.8367932440395692
2020-01-23,-0.9552270604706232
2020-01-24,-0.9458502225471058
2020-01-25,-0.7562325233840508
2020-01-26,-0.6371865667370339
2020-01-27,-0.578187085510213
2020-01-28,-0.5715926367598038
2020-01-29,-0.7754994983715227
2020-01-30,-0.47344957932276893
2020-01-31,-0.6380502704894628
2020-02-01,-0.6551266077316242
2020-02-02,-0.5456374840756119
2020-02-03,-0.5081521540575726
2020-02-04,-0.38803441636605607
2020-02-05,-0.2808343799129261
2020-02-06,-0.3646825506238039
2020-02-07,-0.22078931213219327
2020-02-08,-0.26325824833066097
2020-02-09,-0.4448068807687493
2020-02-10,-0.470184984175798
2020-02-11,-0.5172465615229538
2020-02-12,-0.09343200869786976
2020-02-13,-0.16821514161586565
2020-02-14,0.09863011407635458
2020-02-15,0.106085071603461
2020-02-16,-0.1680012197321004
2020-02-17,-0.08695560923948012
2020-02-18,-0.05745134490228117
2020-02-19,-0.2248344001722845
2020-02-20,0.08057072353054287
2020-02-21,0.07743070423289891
2020-02-22,0.44220224300467814
2020-02-23,0.3777864202412342
2020-02-24,0.23979197998453683
2020-02-25,0.2579566950160231
2020-02-26,0.33606451291022016
2020-02-27,0.21892446864984444
2020-02-28,0.6325985441707096
2020-02-29,0.37004755637959397
2020-03-01,0.10401365487143566
2020-03-02,0.5688591218375225
2020-03-03,0.1631583690752894
2020-03-04,0.44815770444238157
2020-03-05,0.5621191286755359
2020-03-06,0.5115385003823533
2020-03-07,0.5762733346141993
2020-03-08,0.6211631862411404
2020-03-09,0.8267227853190477
2020-03-10,0.9593256002066387
2020-03-11,0.8360048840351093
2020-03-12,0.860955841713192
2020-03-13,0.40413944243721095
2020-03-14,0.7396320944100396
2020-03-15,0.7979994622253747
2020-03-16,0.7497313289927696
2020-03-17,0.592158094911829
2020-03-18,1.0084187243698903
2020-03-19,1.0492926939419984
2020-03-20,1.0409435095594626
2020-03-21,0.9987797893684238
2020-03-22,0.8542977139380094
2020-03-23,0.981973346856317
2020-03-24,0.765243984947204
2020-03-25,0.785326792141436
2020-03-26,0.9307055099995162
2020-03-27,1.0397881638588768
2020-03-28,0.8738334804639696
2020-03-29,0.927033038634741
2020-03-30,0.7977382729088098
2020-03-31,0.9670909555347331
2020-04-01,1.033215950700905
2020-04-02,0.826738744986451
2020-04-03,0.8105197725968812
2020-04-04,0.9055009271491897
2020-04-05,1.2016436028318607
2020-04-06,1.2648790715304408
2020-04-07,1.0171803745114958
2020-04-08,0.9956939912786049
2020-04-09,0.8277347602334896
2020-04-10,1.180459040844318
2020-04-11,1.1128893264915463
2020-04-12,1.015962008475361
2020-04-13,1.1668748120521188
2020-04-14,1.0667808969166999
2020-04-15,0.695684535540772
2020-04-16,0.824575365951041
2020-04-17,0.882602914007523
2020-04-18,1.036971132725384
2020-04-19,0.7867658839434781
2020-04-20,1.0307267164014942
2020-04-21,0.6635682008021586
2020-04-22,0.8730594772995539
2020-04-23,0.9523107399077548
2020-04-24,0.795525346815429
2020-04-25,0.7367315008350788
2020-04-26,0.6450211760233288
2020-04-27,0.7982065639337262
2020-04-28,0.6623642887109683
2020-04-29,0.3747529510647133
2020-04-30,0.7500904808970914
2020-05-01,0.9476180985339417
2020-05-02,0.6042890151600876
2020-05-03,0.38403011807212395
2020-05-04,0.5667201191445261
2020-05-05,0.5391339356076743
2020-05-06,0.6352589992887405
2020-05-07,0.4384515817500524
2020-05-08,0.225086071463593
2020-05-09,0.3929261216160135
2020-05-10,0.41313451933986933
2020-05-11,0.626778024020977
2020-05-12,0.36045588118185135
2020-05-13,0.5900175830865331
2020-05-14,0.5924300028535181
2020-05-15,0.14331881953355366
2020-05-16,-0.1442794881127412
2020-05-17,0.03566108630247851
2020-05-18,0.15083926574117695
2020-05-19,0.05348029715739387
2020-05-20,-0.09974315130067679
2020-05-21,-0.06417823267232098
2020-05-22,0.030514095797563392
2020-05-23,-0.17401026338387993
2020-05-24,-0.20411857321597365
2020-05-25,-0.3463201117600142
2020-05-26,0.155783530188537
2020-05-27,-0.3434763858876968
2020-05-28,-0.17012939803503038
2020-05-29,-0.014197436671208874
2020-05-30,-0.39172785889463546
2020-05-31,-0.20821531308991004
2020-06-01,-0.2977093105870832
2020-06-02,-0.3479972272437614
2020-06-03,-0.3247278060434662
2020-06-04,-0.46058735007313567
2020-06-05,-0.3291342434875011
2020-06-06,-0.4735410524727236
2020-06-07,-0.7266383081720516
2020-06-08,-0.5064475725914358
2020-06-09,-0.4544280972953314
2020-06-10,-0.6794586872908898
2020-06-11,-0.4780397392903162
2020-06-12,-0.7610588561199613
2020-06-13,-0.5746012394651607
2020-06-14,-0.4180031034160084
2020-06-15,-0.7398125133544476
2020-06-16,-0.8262812790313618
2020-06-17,-0.8745045690148414
2020-06-18,-0.6115340427168272
2020-06-19,-0.7000127355898174
2020-06-20,-0.7994828023824789
2020-06-21,-0.5111795769131454
2020-06-22,-0.692618064151693
2020-06-23,-0.9566746064883341
2020-06-24,-0.6650414446151601
2020-06-25,-0.7253796470980955
2020-06-26,-0.7359107613786114
2020-06-27,-0.7089340314063267
2020-06-28,-1.3548632171494666
2020-06-29,-0.8716754128662862
2020-06-30,-0.865909763753
2020-07-01,-1.0944198876636015
2020-07-02,-0.994985250171452
2020-07-03,-1.0962195083796282
2020-07-04,-1.081458132515097
2020-07-05,-0.9978975629739943
2020-07-06,-0.9365929292814418
2020-07-07,-1.0146457725915328
2020-07-08,-1.4665038422687002
2020-07-09,-0.9470232262294411
2020-07-10,-1.1196308775382053
2020-07-11,-1.047904152885417
2020-07-12,-0.9700516095068765
2020-07-13,-1.0769123083262915
2020-07-14,-1.1110047404110446
2020-07-15,-0.9044087984967751
2020-07-16,-1.2411312857865457
2020-07-17,-0.7894828088355446
2020-07-18,-1.092551477068935
2020-07-19,-1.0801591965566402
2020-07-20,-1.1127633300982818
2020-07-21,-0.7681035803839087
2020-07-22,-1.091184418377979
2020-07-23,-0.9423309473414733
2020-07-24,-0.680106405121866
2020-07-25,-0.8331687936392679
2020-07-26,-0.7313135114483597
2020-07-27,-0.5829845241197306
2020-07-28,-0.9473785275748516
2020-07-29,-0.8412590119445534
2020-07-30,-0.9076695297547629
2020-07-31,-0.5953013808542643
2020-08-01,-0.6757987328371111
2020-08-02,-0.40654760357629227
2020-08-03,-0.6222717879468772
2020-08-04,-0.6988354447697872
2020-08-05,-0.34267569557928035
2020-08-06,-0.7486550286278604
2020-08-07,-0.559004301416937
2020-08-08,-0.36714214317044236
2020-08-09,-0.6211410303821847
2020-08-10,-0.4347985128321487
2020-08-11,-0.23559311864823543
2020-08-12,-0.36624855550176233
2020-08-13,-0.2718031724240178
2020-08-14,-0.11060372791195697
2020-08-15,-0.36695214322553704
2020-08-16,-0.24523406309555523
2020-08-17,-0.09190994862949735
2020-08-18,0.02301785382811561
2020-08-19,-0.08499233512108385
2020-08-20,-0.16204312910631827
2020-08-21,-0.14222406931913248
2020-08-22,0.05853330481709365
2020-08-23,0.020302093189796287
2020-08-24,0.011008500339705598
2020-08-25,0.055059585320281164
2020-08-26,0.2081907641201502
2020-08-27,0.13288096930954746
2020-08-28,0.06695443207682038
2020-08-29,0.3979150628210706
2020-08-30,0.07594733897795186
2020-08-31,0.14549292292275107
2020-09-01,0.5974575156802051
2020-09-02,0.4897757000149827
2020-09-03,0.4439592362854889
2020-09-04,0.3454973083488061
2020-09-05,0.674486864717567
2020-09-06,0.2100226371061451
2020-09-07,0.33363125490864365
2020-09-08,0.3446614854048737
2020-09-09,0.39269238173430165
2020-09-10,0.5130821363033689
2020-09-11,0.4421550430385822
2020-09-12,0.46614393972458323
2020-09-13,0.5088274183040763
2020-09-14,0.46287316537096945
2020-09-15,0.8796583939838689
2020-09-16,0.7470206466679831
2020-09-17,0.6085800851395929
2020-09-18,0.5059613380116806
2020-09-19,0.7497832773313006
2020-09-20,0.6713150121136903
2020-09-21,1.004152072444584
2020-09-22,1.0058773427806662
2020-09-23,0.6006875614948671
2020-09-24,0.9537735796552977
2020-09-25,0.9481344588949383
2020-09-26,0.7048455892741582
2020-09-27,0.8156321904360273
2020-09-28,1.1221191186097352
2020-09-29,1.27901053753591
2020-09-30,0.9522739055774189
2020-10-01,0.75173618617455
2020-10-02,0.9652960762556687
2020-10-03,1.242812253015693
2020-10-04,1.1212811969882772
2020-10-05,0.8850696267248062
2020-10-06,1.1392951385086363
2020-10-07,0.8842074791420046
2020-10-08,0.7142774187809687
2020-10-09,0.9839523596862565
2020-10-10,1.2023243989424086
2020-10-11,1.0353038580978553
2020-10-12,0.9732131407148426
2020-10-13,0.8627347137409883
2020-10-14,0.9335347523972581
2020-10-15,0.8792001682303289
2020-10-16,0.8099540569847381
2020-10-17,1.1177377222624307
2020-10-18,1.3122673533934643
2020-10-19,0.9658768155326778
2020-10-20,0.9423593643907131
2020-10-21,0.8833918022015559
2020-10-22,0.942135231971542
2020-10-23,0.6525757328747753
2020-10-24,0.9048533095158361
2020-10-25,0.6881516986149832
2020-10-26,0.977117320224468
2020-10-27,1.000391761358584
2020-10-28,0.7848950011345456
2020-10-29,0.6789969413596542
2020-10-30,0.9073988388812968
2020-10-31,0.7353762324905837
2020-11-01,0.6109870771035559
2020-11-02,0.8710758653325085
2020-11-03,0.7744366929841611
2020-11-04,0.7081708465569868
2020-11-05,0.6886468475579748
2020-11-06,0.7128587556395453
2020-11-07,0.21931773750847855
2020-11-08,0.43847771064619256
2020-11-09,0.7683130273139551
2020-11-10,0.3591016588970548
2020-11-11,0.6922426178196518
2020-11-12,0.4214848885312245
2020-11-13,0.15653504202329815
2020-11-14,0.35191095884254403
2020-11-15,0.5411804202944458
2020-11-16,0.33216169052157096
2020-11-17,0.27265150422042983
2020-11-18,0.46980002119566155
2020-11-19,-0.024218694658992873
2020-11-20,0.12805465885347653
2020-11-21,0.2143047615207107
2020-11-22,0.03690521407249754
2020-11-23,0.0012769956740334293
2020-11-24,0.01839349825710007
2020-11-25,-0.18206085006562533
2020-11-26,-0.16211556579222117
2020-11-27,0.04755143421574204
2020-11-28,-0.32384966415351096
2020-11-29,-0.0024000882892736275
2020-11-30,-0.26925953431365046
2020-12-01,-0.06897364365560965
2020-12-02,-0.22460702773482633
2020-12-03,-0.44407102682708144
2020-12-04,-0.14520445199229245
